{"Logistic Regression": {"Accuracy": 73.05, "Precision": 71.54, "Recall": 100.0, "F1 Score": 83.41}, "Decision Tree": {"Accuracy": 79.43, "Precision": 85.56, "Recall": 83.77, "F1 Score": 84.66}, "Random Forest": {"Accuracy": 82.98, "Precision": 80.69, "Recall": 98.42999999999999, "F1 Score": 88.68}, "Naive Bayes": {"Accuracy": 82.27, "Precision": 96.69, "Recall": 76.44, "F1 Score": 85.38}, "KNN": {"Accuracy": 84.39999999999999, "Precision": 90.16, "Recall": 86.39, "F1 Score": 88.24}, "Linear SVM": {"Accuracy": 69.86, "Precision": 69.19999999999999, "Recall": 100.0, "F1 Score": 81.8}, "Kernel SVM": {"Accuracy": 71.99, "Precision": 70.74000000000001, "Recall": 100.0, "F1 Score": 82.86}, "SGD": {"Accuracy": 86.17, "Precision": 83.93, "Recall": 98.42999999999999, "F1 Score": 90.60000000000001}}